text,label
barang dikirim dari kota apa pls,shipping_origin
stok getter robo masih ada min,stock_availability
ada cashback untuk chogokin gx?,price_promo
butuh rekomendasi voltron buat koleksi,product_discovery
pakai ekspedisi apa kak,shipping_transaction
rekomendasi chogokin gx yang bagus,product_discovery
grendizer ada ga min,product_discovery
daimos ini original bandai?,product_detail
kirim dari kota apa,shipping_origin
sisa stok daimos berapa,stock_availability
alamat toko robot jadul dimana,shipping_origin
dancouga habis atau masih ada,stock_availability
checkoutnya gimana ya,shipping_transaction
ready ga gundam rx 78,stock_availability
ukuran gundam berapa ya,product_detail
pengiriman ke bogor bisa?,shipping_transaction
versi chogokin gx ini versi apa,product_detail
masih tersedia combattler v?,stock_availability
berat dan dimensi gundam rx 78 berapa ya,product_detail
kirim dari kota apa,shipping_origin
getter robo ini harganya brp,price_promo
berat dan dimensi daitarn 3 berapa,product_detail
versi getter robo ini versi apa,product_detail
cara beli dancouga gmna,shipping_transaction
detail chogokin gx ini gimana,product_detail
produk gaiking di bawah 1 juta ada?,price_promo
prduk gundam rx 78 di bawah 1 juta ada?,price_promo
isi box getter robo apa saja nih,product_detail
dikirim dari mana ya,shipping_origin
pengiriman dari jakarta? sekarang,shipping_origin
asal barang dari mana sekarang,shipping_origin
cara checkout gimana ya,shipping_transaction
detail lengkap combattler v dong,product_detail
bisa cod ga nih,shipping_transaction
rekomendasi gundam rx 78 yang bagus,product_discovery
kirim dari kota apa kak,shipping_origin
store location dimana kak,shipping_origin
lagi sale grendizer?,price_promo
metode pembayaran apa,shipping_transaction
lagi ada diskon dancouga?,price_promo
chckoutnya gimana ya,shipping_transaction
metode pembayaran apa pls,shipping_transaction
asal pengiriman dari mana pls,shipping_origin
ukuran grendizer berapa,product_detail
getter robo ini ori atau kw,product_detail
lagi cari gundam rx 78,product_discovery
ambil di toko bisa ga ya,shipping_transaction
tahun rilis dancouga ini kapan,product_detail
ready ga ideon,stock_availability
gudang robot jadul dimana,shipping_origin
mohon rekomendasi mazinger z untuk koleksi,product_discovery
bisa transfer bank,shipping_transaction
goldrake ada potongan harga?,price_promo
ongkos kirim ke tangerang berapa,shipping_transaction
lagi sale gaiking?,price_promo
checkoutnya gimana ya,shipping_transaction
bisa bayar qris,shipping_transaction
ada combattler v yang murah,product_discovery
great mazinger ready atau preorder,stock_availability
store location dimana min,shipping_origin
raideen ada ga min,product_discovery
harga nett god sigma berapa,price_promo
asal pengiriman dari mana,shipping_origin
ada cashback untuk combattler v?,price_promo
asal paket dari mana,shipping_origin
ambil di toko bisa ga dong,shipping_transaction
ongkos kirim ke tangerang berapa kak,shipping_transaction
ongkos kirim ke jakarta berapa,shipping_transaction
spesifikasi produk gundam mohon dijelaskan,product_detail
asal brang dari mana sekarang,shipping_origin
isi box daitarn 3 apa saja kak,product_detail
saya ingin mencari produk zambot 3 dong,product_discovery
ingin melihat pilihan gundam rx 78,product_discovery
versi combattler v ini versi apa,product_detail
tahun rilis daitarn 3 ini kapan,product_detail
asal pengiriman dari mana sekarang,shipping_origin
voltes v masih ada kah,stock_availability
kira kira budget jeeg berapa,price_promo
butuh rekomendasi raideen buat koleksi,product_discovery
butuh rekomendasi grendizer buat koleksi,product_discovery
pengiriman dari jakarta?,shipping_origin
barang dancouga ready?,stock_availability
gundam ini bahan apa,product_detail
lagi sale mazinger z? kak,price_promo
mohon rekomendasi grendizer untuk koleksi,product_discovery
gudang robot jadul dimana pls,shipping_origin
toko offline ada dimana,shipping_origin
pakai kspedisi apa min,shipping_transaction
isi box dancouga apa saja kak,product_detail
spesifikasi produk dancouga mohon dijelaskan min,product_detail
lagi ada diskon daimos? kak,price_promo
berapa tinggi figure dancouga,product_detail
saya ingin mencari produk god sigma,product_discovery
kirim dari kota apa,shipping_origin
versi great mazinger ini versi apa,product_detail
detail raideen ini gimana,product_detail
barang dikirim dari kota apa min,shipping_origin
berat dan dimensi combattler v berapa,product_detail
cari getter robo ready,product_discovery
voltron ada ga min,product_discovery
ada daimos ga,product_discovery
chogokin gx ini bahan apa sekarang,product_detail
kirim dari kota apa ya,shipping_origin
asal brang dari mana,shipping_origin
pengiriman dari jakarta? sekarang,shipping_origin
versi combattler v ini versi apa kak,product_detail
asal barang dari mana pls,shipping_origin
voltron ini bahan apa,product_detail
bisa bayar qris sekarang,shipping_transaction
harga nett jeeg berapa,price_promo
spesifikasi produk getter robo mohon dijelaskan,product_detail
tahun rilis god sigma ini kapan,product_detail
stok voltron kosong?,stock_availability
cek stok gundam rx 78 dong sekarang,stock_availability
harga nett gundam rx 78 berapa,price_promo
ada cashback untuk voltron? kak,price_promo
detail lengkap daimos dong sekarang,product_detail
harga chogokin gx berapa,price_promo
versi gaiking ini versi apa,product_detail
ingin melihat pilihan goldrake,product_discovery
berat dan dimensi gundam berapa pls,product_detail
gundam ini bahan apa ya,product_detail
zambot 3 ini ori atau kw,product_detail
bisa transfer bank pls,shipping_transaction
toko ini di kota mana nih,shipping_origin
alamat toko robot jadul dimana nih,shipping_origin
cek stok chogokin gx dong,stock_availability
cara checkout gimana,shipping_transaction
butuh rekomendasi combattler v buat koleksi,product_discovery
spesifikasi produk voltron mohon dijelaskan,product_detail
barang dikirim dari kota apa nih,shipping_origin
cara beli raideen gimana,shipping_transaction
zambot 3 ada potongan harga?,price_promo
grendizer ini bahan apa,product_detail
ideon ready atau preorder nih,stock_availability
ukuran gaiking berapa sekarang,product_detail
lagi ada diskon mazinger z?,price_promo
chogokin gx ini bisa digerakkan?,product_detail
sisa stok dncouga berapa,stock_availability
ada daitarn 3 yang murah ya,product_discovery
voltes v ini bahan apa,product_detail
sisa stok jeeg berapa,stock_availability
mohon rekomendasi daimos untuk koleksi,product_discovery
estimasi kirim berapa hari,shipping_transaction
kondisi jeeg misb atau bekas sekarang,product_detail
chogokin gx ini harganya berapa,price_promo
barang god sigma ready?,stock_availability
kirim dari kota apa,shipping_origin
harga nett goldrake berapa kak,price_promo
mzinger z habis atau masih ada,stock_availability
asal pengiriman dari mana,shipping_origin
store location dimana min,shipping_origin
cara beli jeeg gimana,shipping_transaction
store location dimana kak,shipping_origin
rekomendasi dancouga yang bagus ya,product_discovery
rekomendasi combattler v yang bagus,product_discovery
promo chogokin gx ada ga,price_promo
combattler v ada potongan harga?,price_promo
berapa tinggi figure dancouga,product_detail
butuh rekomendasi gundam buat koleksi,product_discovery
lagi ada diskon daimos?,price_promo
ingin melihat pilihan gundam rx 78,product_discovery
kirim dari kota apa min,shipping_origin
bisa transfer bank sekarang,shipping_transaction
kira kira budget dancouga berapa dong,price_promo
raideen paling murah berapa,price_promo
gudang robot jadul dimana,shipping_origin
apakah mzinger z ini diecast,product_detail
god sigma paling murah berapa,price_promo
harga jeeg berapa,price_promo
promo god sigma ada ga,price_promo
lagi sale daitarn 3? ya,price_promo
pakai ekspedisi apa,shipping_transaction
ada daimos ga sekarang,product_discovery
asal barang dari mana,shipping_origin
stok daimos masih ada,stock_availability
barang dikirim dari kota apa dong,shipping_origin
ongkos kirim ke srabaya berapa,shipping_transaction
lagi ada diskon getter robo?,price_promo
kalau beli mazinger z ongkirnya berapa,shipping_transaction
pakai ekspedisi apa nih,shipping_transaction
produk voltes v di bawah 1 juta ada?,price_promo
estimasi kirim berapa hari,shipping_transaction
diskon buat chgokin gx ada,price_promo
cara beli daimos gimana,shipping_transaction
mohon rekomendasi zambot 3 untuk koleksi,product_discovery
ambil di toko bisa ga ya,shipping_transaction
bisa kirim ke jakarta dong,shipping_transaction
dikirim dari mana dong,shipping_origin
gundam rx 78 ini ori atau kw,product_detail
kondisi gundam rx 78 misb atau bekas,product_detail
jeeg ready stock?,stock_availability
pengiriman ke tangerang bisa?,shipping_transaction
ongkir ke medan berapa,shipping_transaction
apakah tersedia koleksi great mazinger,product_discovery
availability goldrake bagaimana nih,stock_availability
getter robo ready atau preorder pls,stock_availability
lokasi toko dimana,shipping_origin
stok ideon kosong?,stock_availability
lagi ada diskon jeeg?,price_promo
kira kira budget voltes v berapa,price_promo
ada grendizer ga,product_discovery
availability dancouga bagaimana,stock_availability
ada varian voltron apa saja,product_discovery
asal paket dari mana sekarang,shipping_origin
kapan restock jeeg dong,stock_availability
lokasi toko dimana,shipping_origin
tahun rilis zambot 3 ini kapan kak,product_detail
barang dikirim dari kota apa dong,shipping_origin
bisa cod ga min,shipping_transaction
dikirim dari mana sekarang,shipping_origin
gundam ada ga min,product_discovery
cek stok voltron dong,stock_availability
stok great mazinger kosong?,stock_availability
ukuran goldrake berapa,product_detail
cara beli mazinger z gimana,shipping_transaction
dimos masih ada kah,stock_availability
kalau beli chogokin gx ongkirnya berapa,shipping_transaction
ready ga voltes v,stock_availability
produk dancouga yang recommended yang mana,product_discovery
barang daitarn 3 ready?,stock_availability
store location dmana,shipping_origin
cari dancouga ready,product_discovery
koleksi jeeg apa aja,product_discovery
apakah mazinger z ini diecast,product_detail
tahun rilis great mazinger ini kapan,product_detail
gundam ready stock? pls,stock_availability
lagi sale dancouga?,price_promo
combattler v ada ga min,product_discovery
produk gundam di bawah 1 juta ada?,price_promo
cek stok daimos dong,stock_availability
produk great mazinger yang recommended yang mana pls,product_discovery
lagi cari voltron,product_discovery
ongkir ke solo berapa,shipping_transaction
tahun rilis voltes v ini kapan,product_detail
stok gaiking kosong?,stock_availability
pengiriman ke solo bisa? min,shipping_transaction
grendizer ini ori atau kw,product_detail
pengiriman dari jakarta? sekarang,shipping_origin
detail dancouga ini gmna,product_detail
cara beli voltes v gimana,shipping_transaction
ongkir ke surabaya berapa,shipping_transaction
ada varian mazinger z apa saja,product_discovery
diskon buat gundam rx 78 ada,price_promo
produk raideen yang recommended yang mana,product_discovery
gaiking ini bisa digerakkan?,product_detail
stok gaiking kosong? dong,stock_availability
produk grendizer di bawah 1 juta ada?,price_promo
zambot 3 ready stock?,stock_availability
toko ini di kota mana,shipping_origin
barang dikirim dari kota apa ya,shipping_origin
kalau beli voltron ongkirnya berapa,shipping_transaction
bisa kirim ke depok,shipping_transaction
ready ga dancouga ya,stock_availability
alamat toko robot jadul dimana kak,shipping_origin
saya ingin mencari produk ideon,product_discovery
great mazinger masih ada kah,stock_availability
detail grendizer ini gimana,product_detail
bisa transfer bank ya,shipping_transaction
asal pengiriman dari mana min,shipping_origin
toko ini di kota mana kak,shipping_origin
isi box daimos apa saja,product_detail
rekomendasi dancouga yang bagus,product_discovery
zambot 3 ready atau preorder,stock_availability
kirim dari kota apa,shipping_origin
lagi sale jeeg? dong,price_promo
cara checkout gimana,shipping_transaction
gudang robot jadul dimana,shipping_origin
kondisi dancouga misb atau bekas,product_detail
grendizer paling murah berapa,price_promo
god sigma paling murah berapa sekarang,price_promo
pakai ekspedisi apa sekarang,shipping_transaction
daimos ini bisa digerakkan?,product_detail
berat dan dimensi gaiking berapa kak,product_detail
estimasi kirim berapa hari,shipping_transaction
cara beli gundam gimana nih,shipping_transaction
ongkos kirim ke tangerang berapa ya,shipping_transaction
gundam rx 78 ini original bandai?,product_detail
asal paket dari mana pls,shipping_origin
lagi sale daitarn 3?,price_promo
kira kira budget raideen berapa,price_promo
tahun rilis great mazinger ini kapan,product_detail
combattler v lagi promo kah,price_promo
gaiking ada ga min sekarang,product_discovery
voltes v habis atau masih ada,stock_availability
ada goldrake ga pls,product_discovery
diskon buat daitarn 3 ada,price_promo
ada varian gundam apa saja dong,product_discovery
jeeg habis atau masih ada,stock_availability
ideon ada stoknya,stock_availability
voltron lagi promo kah,price_promo
dancouga ini bahan apa,product_detail
butuh rekomendasi gundam buat koleksi,product_discovery
versi god sigma ini versi apa,product_detail
saya ingin mencari produk zambot 3 min,product_discovery
ada daitarn 3 yang murah,product_discovery
dancouga ini bahan apa,product_detail
detail jeeg ini gimana kak,product_detail
berat dan dimensi mazinger z berapa,product_detail
ongkir ke depok berapa,shipping_transaction
ambil di toko bisa ga,shipping_transaction
stok jeeg kosong?,stock_availability
asal paket dari mana nih,shipping_origin
asal paket dari mana dong,shipping_origin
cek stok raideen dong,stock_availability
ongkos kirim ke bandung berapa sekarang,shipping_transaction
raideen masih ada kah,stock_availability
bisa transfer bank ya,shipping_transaction
tahun rilis gaiking ini kapan,product_detail
detail lengkap getter robo dong,product_detail
berapa tinggi figure god sigma min,product_detail
harga nett dancouga berapa,price_promo
toko ini di kota mana pls,shipping_origin
versi daitarn 3 ini versi apa,product_detail
ada zambot 3 yang murah,product_discovery
cara checkout gimana,shipping_transaction
produk daimos di bawah 1 juta ada?,price_promo
alamat toko robot jadul dimana sekarang,shipping_origin
harga gaiking berapa kak,price_promo
versi mazinger z ini versi apa,product_detail
availability daimos bagaimana,stock_availability
ada varian voltron apa saja ya,product_discovery
ingin melihat pilihan god sigma,product_discovery
berapa price ideon,price_promo
mohon rekomendasi chogokin gx untuk koleksi,product_discovery
checkoutnya gmana ya,shipping_transaction
ready ga ideon,stock_availability
checkoutnya gimana ya,shipping_transaction
stimasi kirim brapa hari,shipping_transaction
cara beli grendizer gimana,shipping_transaction
bisa cod ga,shipping_transaction
barang ideon ready?,stock_availability
diskon buat god sigma ada,price_promo
asal paket dari mana,shipping_origin
bisa transfer bank sekarang,shipping_transaction
ingin melihat pilihan raideen ya,product_discovery
ideon ini bahan apa,product_detail
masih tersedia chogokin gx?,stock_availability
cara checkout gimana,shipping_transaction
bisa bayar qris min,shipping_transaction
zambot 3 ini original bandai?,product_detail
stok zambot 3 kosong?,stock_availability
grendizer lagi promo kah,price_promo
lagi sale daimos?,price_promo
god sigma udah habis?,stock_availability
ambil di toko bisa ga,shipping_transaction
apakah ideon ini diecast,product_detail
daimos ready stock?,stock_availability
ingin melihat pilihan jeeg,product_discovery
asal paket dari mana pls,shipping_origin
berat dan dimensi great mazinger berapa ya,product_detail
pengiriman ke semarang bisa?,shipping_transaction
berat dan dmensi mazinger z berapa,product_detail
dikirim dari mana,shipping_origin
detail combattler v ini gimana,product_detail
mohon info harga terbaru gaiking ya,price_promo
ongkos kirim ke bogor berapa,shipping_transaction
asal barang dari mana,shipping_origin
kalau beli grendizer ongkirnya berapa,shipping_transaction
checkoutnya gimana ya min,shipping_transaction
mazinger z ada potongan harga? pls,price_promo
diskon buat zambot 3 ada,price_promo
stok getter robo masih ada,stock_availability
lagi sale voltes v?,price_promo
isi box daitarn 3 apa saja pls,product_detail
butuh rekomendasi great mazinger buat koleksi dong,product_discovery
bisa kirim ke makassar,shipping_transaction
diskon buat raideen ada,price_promo
kalau beli chogokin gx ongkirnya berapa pls,shipping_transaction
detail jeeg ini gimana,product_detail
ada cashback untuk gundam rx 78? dong,price_promo
mazinger z ini harganya berapa,price_promo
diskon buat jeeg ada,price_promo
bisa cod ga,shipping_transaction
nyari gndam dong,product_discovery
mohon rekomendasi voltron untuk koleksi,product_discovery
rekomendasi jeeg yang bagus,product_discovery
gaiking ini bahan apa,product_detail
ideon ada stokknya,stock_availability
promo dancouga ada ga,price_promo
gudangnya dimana,shipping_origin
promo voltes v ada ga,price_promo
ongkr ke bandung berapa,shipping_transaction
apakah zambot 3 ini diecast,product_detail
availability gundam rx 78 bagaimana,stock_availability
mazinger z ini bisa digerakkan?,product_detail
butuh rekomendasi goldrake buat koleksi,product_discovery
lagi ada diskon zambot 3? dong,price_promo
mazinger z ada stoknya,stock_availability
alamat toko robot jadul dimana nih,shipping_origin
voltron masih ada kah min,stock_availability
ongkir ke bekasi berapa,shipping_transaction
estimasi kirim berapa hari pls,shipping_transaction
stok zambot 3 kosong?,stock_availability
sisa stok goldrake berapa,stock_availability
store location dimana,shipping_origin
kondisi great mazinger misb atau bekas kak,product_detail
bisa bayar qris dong,shipping_transaction
great mazinger ada stoknya,stock_availability
detail lengkap goldrake dong,product_detail
rekomendasi dancouga yang bagus,product_discovery
grendizer ini bahan apa nih,product_detail
detail gundam ini gimana,product_detail
detail gundam ini gimana,product_detail
kleksi ideon apa aja,product_discovery
rekomendasi raideen yang bagus,product_discovery
ada varian voltron apa saja,product_discovery
ongkos kirim ke medan berapa,shipping_transaction
kondisi dancouga misb atau bekas,product_detail
apakah tersedia koleksi combattler v,product_discovery
ready ga grendizer,stock_availability
rekomendasi zambot 3 yang bagus,product_discovery
store location dimana,shipping_origin
asal paket dari mana,shipping_origin
goldrake paling murah berapa,price_promo
bisa transfer bank pls,shipping_transaction
harga getter robo berapa,price_promo
detail gundam ini gimana kak,product_detail
gudang robot jadul dimana nih,shipping_origin
gundam rx 78 ready atau preorder nih,stock_availability
getter robo ready stock?,stock_availability
ada varian ideon apa saja,product_discovery
pakai ekspedisi apa nih,shipping_transaction
zambot 3 ini bisa digerakkan? nih,product_detail
jeeg ini bisa digerakkan?,product_detail
pengiriman dari jakarta?,shipping_origin
getter robo udah habis?,stock_availability
mohon info hrga terbaru god sigma,price_promo
ongkos kirim ke depok berapa min,shipping_transaction
cek stok gundam rx 78 dong,stock_availability
ongkos kirim ke makassar berapa,shipping_transaction
gaiking udah habis? min,stock_availability
hrga voltron brapa,price_promo
kalau beli voltron ongkirnya berapa pls,shipping_transaction
bisa transfer bank,shipping_transaction
sisa stok jeeg berapa ya,stock_availability
ada cashback untuk daitarn 3?,price_promo
stok ideon masih ada,stock_availability
stok ideon masih ada sekarang,stock_availability
great mazinger ini original bandai?,product_detail
bisa transfer bank nih,shipping_transaction
bisa transfer bank dong,shipping_transaction
kirim dari kota apa pls,shipping_origin
chogokin gx ini original bandai?,product_detail
tahun rilis voltes v ini kapan,product_detail
kondisi getter robo misb atau bekas,product_detail
cari great mazinger ready,product_discovery
produk god sigma yang recommended yang mana,product_discovery
ada cashback untuk chogokin gx? ya,price_promo
store location dimana kak,shipping_origin
god sigma ini ori atau kw pls,product_detail
lagi cari raideen,product_discovery
mazinger z ada potongan harga?,price_promo
lagi ada diskon grendizer?,price_promo
saya ingin mencari produk daimos,product_discovery
butuh rekomendasi zambot 3 buat koleksi kak,product_discovery
bisa transfer bank sekarang,shipping_transaction
availability chogokin gx gimana,stock_availability
berat dan dimensi voltron berapa,product_detail
asal pengiriman dari mana kak,shipping_origin
ongkos kirim ke bkasi berapa,shipping_transaction
grendizer ini bisa digerakkan? ya,product_detail
nyari gundam rx 78 dong,product_discovery
availability gundam bagaimana,stock_availability
voltron ini bisa digerakkan?,product_detail
toko ini di kota mana ya,shipping_origin
rekomendasi voltron yang bagus,product_discovery
kirim dari kota apa pls,shipping_origin
barang dikirim dari kota apa min,shipping_origin
cara beli god sigma gimana dong,shipping_transaction
berapa tinggi figure gundam,product_detail
diskon buat chogokin gx ada,price_promo
voltes v masih ada kah,stock_availability
availability gaiking bagaimana,stock_availability
ongkir ke bandung berapa dong,shipping_transaction
cara beli god sigma gimana,shipping_transaction
barang dikirim dari kota apa,shipping_origin
bisa bayar qris,shipping_transaction
barang mazinger z redi?,stock_availability
asal barang dari mana ya,shipping_origin
lagi ada diskon gaiking?,price_promo
butuh rekomendasi getter robo buat koleksi,product_discovery
gudangnya dimana,shipping_origin
mohon rekomendasi gundam untuk koleksi,product_discovery
bisa cod ga,shipping_transaction
ngkos kirim ke bogor berapa,shipping_transaction
bisa kirim ke bekasi,shipping_transaction
toko ini di kota mana pls,shipping_origin
zambot 3 ini ori atau kw pls,product_detail
estimasi kirim berapa hari,shipping_transaction
dancouga ini ori atau kw,product_detail
checkoutnya gimana ya,shipping_transaction
getter robo ada stoknya,stock_availability
berat dan dimensi daimos berapa,product_detail
bisa kirim ke bekasi min,shipping_transaction
kondisi gundam rx 78 misb atau bekas ya,product_detail
stimasi kirim berapa hari,shipping_transaction
lagi sale voltron?,price_promo
voltron ready atau preorder,stock_availability
cek stok gundam rx 78 dong pls,stock_availability
harga gaiking berapa,price_promo
dikirim dari mana,shipping_origin
cara checkout gimana,shipping_transaction
gaiking ada potongan harga?,price_promo
kira kira budget gaiking berapa,price_promo
asal paket dari mana nih,shipping_origin
goldrake masih ada kah,stock_availability
produk chogokin gx yang recommended yang mana nih,product_discovery
harga daimos berapa,price_promo
cek stok daitarn 3 dong nih,stock_availability
bisa transfer bank,shipping_transaction
masih tersedia daimos?,stock_availability
ambil di toko bisa ga dong,shipping_transaction
ideon ready atau preorder,stock_availability
apakah combattler v ini diecast,product_detail
gundam rx 78 ready stock?,stock_availability
apakah tersedia koleksi gundam rx 78 dong,product_discovery
lkasi toko dimana,shipping_origin
tahun rilis mazinger z ini kapan,product_detail
gaiking habis atau masih ada,stock_availability
butuh rekomendasi zambot 3 buat koleksi ya,product_discovery
store location dmn,shipping_origin
ingin melihat pilihan zambot 3,product_discovery
bisa bayar qris,shipping_transaction
metode pembayaran apa kak,shipping_transaction
cari dancouga ready,product_discovery
bisa kirim ke bogor,shipping_transaction
cara beli gundam rx 78 gimana,shipping_transaction
isi box getter robo apa saja,product_detail
availability goldrake bagaimana,stock_availability
kira kira budget ideon berapa,price_promo
cek stok gaiking dong,stock_availability
barang dikirim dari kota apa kak,shipping_origin
availability chogokin gx bagaimana,stock_availability
combattler v ini harganya berapa,price_promo
daimos udah habis?,stock_availability
barang dikirim dari kota apa,shipping_origin
saya ingin mencari produk god sigma,product_discovery
store location dimana,shipping_origin
kira kira budget gundam rx 78 berapa,price_promo
gundam ini ori atau kw,product_detail
getter robo ini original bandai?,product_detail
ada mazinger z ga,product_discovery
daitarn 3 ini harganya berapa,price_promo
great mazinger ini bahan apa,product_detail
lokasi toko dimana,shipping_origin
butuh rekomendasi god sigma buat koleksi,product_discovery
asal barang dari mana nih,shipping_origin
gudangnya dimana,shipping_origin
availability voltron bagaimana,stock_availability
lagi ada dskon gaiking?,price_promo
gundam habis atau masih ada,stock_availability
harga daimos berapa dong,price_promo
mohon info harga terbaru god sigma,price_promo
tahun rilis zmbot 3 ini kapan,product_detail
apakah raideen ini diecast,product_detail
toko offline ada dimana pls,shipping_origin
lagi cari great mazinger,product_discovery
cek stok great mazinger dong,stock_availability
kirim dari kota apa sekarang,shipping_origin
pengiriman ke bogor bisa?,shipping_transaction
stok zambot 3 masih ada dong,stock_availability
metode pembayaran apa min,shipping_transaction
metode pembayaran apa sekarang,shipping_transaction
kapan restock dancouga pls,stock_availability
ambil di toko bisa ga,shipping_transaction
cara beli great mazinger gmana,shipping_transaction
god sigma ini ori atau kw,product_detail
pengiriman ke medan bisa?,shipping_transaction
gaiking udah habis?,stock_availability
sisa stok grendizer berapa,stock_availability
bisa cod ga pls,shipping_transaction
god sigma paling murah berapa,price_promo
rekomendasi dancouga yang bagus min,product_discovery
lagi ada diskon mazinger z?,price_promo
harga combattler v berapa,price_promo
saya ingin mencari produk gundam rx 78,product_discovery
bisa bayar qris,shipping_transaction
asal paket dari mana,shipping_origin
ukuran gundam berapa,product_detail
pakah tersedia kleksi mzinger z,product_discovery
metode pembayaran apa pls,shipping_transaction
gaiking ada ga min,product_discovery
saya ingin mencari produk ideon,product_discovery
alamat toko robot jadul dimana,shipping_origin
ready ga mazinger z kak,stock_availability
combattler v ini harganya berapa min,price_promo
koleksi combattler v apa aja,product_discovery
lamat toko robot jadul dimana ya,shipping_origin
ambil di toko bisa ga nih,shipping_transaction
butuh rekomendasi mazinger z buat koleksi,product_discovery
isi box gaiking apa saja,product_detail
ongkos kirim ke bandung berapa,shipping_transaction
produk jeeg yang recommended yang mana,product_discovery
cara checkout gimana,shipping_transaction
combattler v ini bahan apa ya,product_detail
bisa kirim ke medan,shipping_transaction
bisa kirim ke tangerang,shipping_transaction
produk chogokin gx yang recommended yang mana,product_discovery
stok voltron kosong?,stock_availability
dikirim dari mana,shipping_origin
ada daimos ga,product_discovery
diskon buat voltron ada,price_promo
isi box voltron apa saja,product_detail
detail lengkap gundam dong,product_detail
getter robo ready atau preorder,stock_availability
bisa cod ga kak,shipping_transaction
cara checkout gmana,shipping_transaction
detail lengkap gaiking dong,product_detail
ada gaiking yang murah,product_discovery
kondisi gundam misb atau bekas,product_detail
koleksi jeeg apa aja sekarang,product_discovery
nyari gundam rx 78 dong,product_discovery
ukuran goldrake berapa,product_detail
apakah tersedia koleksi gundam,product_discovery
pengiriman dari jakarta? kak,shipping_origin
bisa cod ga nih,shipping_transaction
stok zambot 3 masih ada pls,stock_availability
metode pembayaran apa,shipping_transaction
spesifikasi produk voltes v mohon dijelaskan,product_detail
ada gundam rx 78 ga,product_discovery
checkoutnya gimana ya min,shipping_transaction
gudangnya dimana pls,shipping_origin
voltron ini harganya berapa,price_promo
detail jeeg ini gimana pls,product_detail
chogokin gx ini bahan apa,product_detail
cara beli voltron gimana,shipping_transaction
pengiriman dari jakarta? dong,shipping_origin
chckoutnya gimana ya,shipping_transaction
gundam ready stock?,stock_availability
ongkos kirim ke depok berapa,shipping_transaction
gaiking ini harganya berapa,price_promo
promo ideon ada ga min,price_promo
grndizer ada ga min,product_discovery
daitarn 3 paling murah berapa,price_promo
checkoutnya gimana ya,shipping_transaction
detail jeeg ini gimana,product_detail
berat dan dimensi god sigma berapa,product_detail
gudang robot jadul dimana,shipping_origin
cara beli goldrake gimana,shipping_transaction
versi jeeg ini versi apa,product_detail
berapa tinggi figure combattler v,product_detail
ukuran gaiking berapa,product_detail
versi dancouga ini versi apa,product_detail
asal paket dari mana dong,shipping_origin
ada varian goldrake apa saja,product_discovery
lokasi toko dimana,shipping_origin
ada cashback untuk daimos?,price_promo
harga nett ideon berapa,price_promo
combattler v habis atau masih ada nih,stock_availability
diskon buat grendizer ada,price_promo
store location dmana nih,shipping_origin
ada daimos ga,product_discovery
ideon ada potongan harga?,price_promo
goldrake ini bahan apa,product_detail
cek stok god sigma dong,stock_availability
ready ga ideon,stock_availability
ukuran daimos berapa,product_detail
ongkir ke makassar berapa,shipping_transaction
lagi cari gundam pls,product_discovery
cari voltron ready,product_discovery
gundam rx 78 ready stock?,stock_availability
mohon info harga terbaru dancouga,price_promo
apakah mazinger z ini diecast,product_detail
bisa kirim ke makassar,shipping_transaction
cara beli gundam gimana,shipping_transaction
jeeg udah habis?,stock_availability
mohon rekomendasi daitarn 3 untuk kleksi,product_discovery
promo voltes v ada ga,price_promo
mohon rekomendasi goldrake untuk koleksi,product_discovery
bisa kirim ke solo,shipping_transaction
bisa transfer bank,shipping_transaction
availability combattler v bagaimana,stock_availability
estimasi kirim berapa hari,shipping_transaction
lokasi toko dimana,shipping_origin
raideen paling murah berapa,price_promo
combattler v masih ada kah,stock_availability
diskon buat getter robo ada,price_promo
mohon info harga terbaru combattler v,price_promo
lagi cari gaiking,product_discovery
asal paket dari mana pls,shipping_origin
cara beli grendizer gimana,shipping_transaction
mohon rekomendasi gundam rx 78 untuk koleksi,product_discovery
ada daimos ga,product_discovery
promo god sigma ada ga,price_promo
ongkir ke bandung berapa,shipping_transaction
voltron masih ada kah,stock_availability
ingin melihat pilihan great mazinger,product_discovery
stok raideen kosong?,stock_availability
kondisi combattler v misb atau bekas,product_detail
sisa stok gundam rx 78 berapa,stock_availability
ada cashback untuk god sigma?,price_promo
dari kota mana dikirim pls,shipping_origin
asal pengiriman dari mana ya,shipping_origin
harga mazinger z berapa,price_promo
gudangnya dimana ya,shipping_origin
barang god sigma ready?,stock_availability
pakai ekspedisi apa min,shipping_transaction
kalau beli dancouga ongkrnya berapa,shipping_transaction
nyari raideen dong ya,product_discovery
harga nett gundam rx 78 berapa sekarang,price_promo
ada cashback untuk zambot 3?,price_promo
detail lengkap gaiking dong kak,product_detail
estimasi kirim berapa hari nih,shipping_transaction
tahun rilis grendizer ini kapan,product_detail
ada varian dancouga apa saja,product_discovery
dikirim dari mana,shipping_origin
toko ini di kota mana dong,shipping_origin
detail lengkap gundam dong,product_detail
ada goldrake ga,product_discovery
berapa price gaiking,price_promo
diskon buat gundam ada pls,price_promo
cari mazinger z ready dong,product_discovery
apakah god sigma ini diecast,product_detail
pengiriman dari jakarta?,shipping_origin
isi box voltes v apa saja kak,product_detail
toko ini di kota mana dong,shipping_origin
lagi sale mazinger z?,price_promo
getter robo lagi promo kah min,price_promo
barang dikirim dari kota apa dong,shipping_origin
barang dikirim dari kota apa,shipping_origin
gundam rx 78 ini ori atau kw,product_detail
combattler v habis atau masih ada,stock_availability
ada daimos yang murah,product_discovery
voltes v ini bisa digerakkan?,product_detail
spesifikasi produk combattler v mohon dijelaskan,product_detail
bisa transfer bank kak,shipping_transaction
asal pngiriman dari mana,shipping_origin
kalau beli mazinger z ongkirnya berapa ya,shipping_transaction
pakai ekspedisi apa sekarang,shipping_transaction
asal paket dari mana,shipping_origin
toko ini di kota mana nih,shipping_origin
harga god sigma berapa,price_promo
harga gaiking berapa,price_promo
promo gundam rx 78 ada ga,price_promo
cari god sigma ready,product_discovery
bisa cod ga,shipping_transaction
kalau beli jeeg ongkirnya berapa,shipping_transaction
kondisi jeeg misb atau bekas,product_detail
god sigma ada potongan harga?,price_promo
bisa transfer bank nih,shipping_transaction
gudang robot jadul dimana,shipping_origin
berapa price mazinger z,price_promo
ada combattler v ga pls,product_discovery
zambot 3 ada potongan harga? dong,price_promo
asal pengiriman dari mana nih,shipping_origin
butuh rekomendasi god sigma buat koleksi,product_discovery
koleksi ideon apa aja,product_discovery
dikirim dari mana,shipping_origin
asal pngiriman dari mana ya,shipping_origin
butuh rekomendasi great mazinger buat koleksi,product_discovery
ambil di toko bisa ga kak,shipping_transaction
ada cashback untuk dncouga?,price_promo
great mazinger udah habis?,stock_availability
toko ini di kota mana sekarang,shipping_origin
ready ga raideen,stock_availability
god sigma ada ga min,product_discovery
ada cashback untuk combattler v?,price_promo
apakah tersedia koleksi raideen,product_discovery
lokasi toko dimana dong,shipping_origin
produk daimos di bawah 1 juta ada? kak,price_promo
kondisi dancouga misb atau bekas,product_detail
kondisi dancouga misb atau bekas,product_detail
promo mazinger z ada ga,price_promo
gudang robot jadul dimana nih,shipping_origin
great mazinger masih ada kah,stock_availability
pakai ekspedisi apa,shipping_transaction
barang dikirim dari kota apa,shipping_origin
produk dancouga di bawah 1 juta ada? min,price_promo
kondisi dancouga misb atau bekas,product_detail
ukuran chogokin gx berapa,product_detail
spesifikasi produk raideen mohon dijelaskan,product_detail
pengiriman dari jakarta? dong,shipping_origin
dikirim dari mana nih,shipping_origin
cara beli gundam gimana sekarang,shipping_transaction
kirim dari kota apa nih,shipping_origin
gaiking habis atau masih ada ya,stock_availability
asal paket dari mana nih,shipping_origin
getter robo ready atau preorder,stock_availability
asal pengiriman dari mana,shipping_origin
spesifikasi produk dancouga mohon dijelaskan,product_detail
gndam rx 78 masih ada kah,stock_availability
detail gaiking ini gmna,product_detail
ongkos kirim ke bandung berapa pls,shipping_transaction
metode pembayaran apa,shipping_transaction
alamat toko robot jadul dimana,shipping_origin
lagi cari jeeg,product_discovery
rekomendasi zambot 3 yang bagus,product_discovery
ada great mazinger yang murah pls,product_discovery
produk grendizer di bawah 1 juta ada?,price_promo
great mazinger ada ga min,product_discovery
cara checkout gimana dong,shipping_transaction
dari kota mana dikirim nih,shipping_origin
lagi ada diskon goldrake?,price_promo
ingin melihat pilihan god sigma min,product_discovery
stok raideen masih ada,stock_availability
nyari mzinger z dong,product_discovery
ideon ini bahan apa sekarang,product_detail
combattler v ada potongan harga?,price_promo
ongkos kirim ke bekasi berapa kak,shipping_transaction
cek stok combattler v dong,stock_availability
jeeg udah habis?,stock_availability
grendizer ini ori atau kw,product_detail
apakah tersedia koleksi goldrake ya,product_discovery
asal pengiriman dari mana ya,shipping_origin
berapa tinggi figure daitarn 3,product_detail
ada varian gundam rx 78 apa saja min,product_discovery
lagi ada diskon combattler v?,price_promo
promo gundam ada ga,price_promo
ideon ada potongan harga?,price_promo
apakah daitarn 3 ini diecast,product_detail
combattler v ini bahan apa,product_detail
stok zambot 3 masih ada,stock_availability
ada dancouga yang murah,product_discovery
getter robo masih ada kah,stock_availability
kapan restock ideon,stock_availability
gaiking ada stoknya,stock_availability
gudangnya dimana ya,shipping_origin
goldrake ada potongan harga? sekarang,price_promo
saya ingin mencari produk gundam rx 78 pls,product_discovery
isi box zambot 3 apa saja,product_detail
detail lengkap mazinger z dong,product_detail
isi box god sigma apa saja,product_detail
ada cashback untuk chogokin gx?,price_promo
cek stok daitarn 3 dong,stock_availability
alamat toko robot jadul dimana kak,shipping_origin
ada daimos ga,product_discovery
daimos ready atau preorder,stock_availability
ready ga ideon pls,stock_availability
jeeg ini original bandai?,product_detail
tahun rilis zambot 3 ini kapan,product_detail
saya ingin mencari produk zambot 3,product_discovery
ada varian gundam apa saja,product_discovery
isi box zambot 3 apa saja,product_detail
ada rideen yang murah,product_discovery
ada great mazinger ga,product_discovery
apakah chogokin gx ini diecast,product_detail
ada varian chogokin gx apa saja sekarang,product_discovery
asal barang dari mana,shipping_origin
ada varian ideon apa saja dong,product_discovery
getter robo ada stoknya sekarang,stock_availability
dikirim dari mana,shipping_origin
ambil di toko bisa ga,shipping_transaction
chckoutnya gmna ya,shipping_transaction
mohon info harga terbaru mazinger z,price_promo
kondisi great mazinger misb atau bekas,product_detail
ada cashback untuk grendizer?,price_promo
sisa stok getter robo berapa,stock_availability
gudangnya dimana,shipping_origin
getter robo ada stoknya,stock_availability
gudangnya dimana nih,shipping_origin
tahun rilis daitarn 3 ini kapan,product_detail
toko offline ada dmn,shipping_origin
toko ini di kota mana,shipping_origin
gundam rx 78 paling murah berapa,price_promo
berapa tinggi figure getter robo,product_detail
alamat toko robot jadul dimana,shipping_origin
gundam ini ori atau kw,product_detail
bisa bayar qris,shipping_transaction
detail lengkap raideen dong,product_detail
detail mazinger z ini gimana,product_detail
ready ga mazinger z,stock_availability
kondisi goldrake misb atau bekas,product_detail
apakah tersedia koleksi great mazinger,product_discovery
cek stok voltron dong min,stock_availability
ongkos kirim ke bekasi berapa,shipping_transaction
toko offline ada dimana nih,shipping_origin
gtter robo ini original bandai?,product_detail
kondisi gundam rx 78 misb atau bekas pls,product_detail
versi chogokin gx ini versi apa,product_detail
asal barang dari mana kak,shipping_origin
berapa tinggi figure combattler v,product_detail
checkoutnya gimana ya ya,shipping_transaction
gundam rx 78 ready stock? pls,stock_availability
metode pembayaran apa sekarang,shipping_transaction
checkoutnya gimana ya,shipping_transaction
ongkir ke smarang berapa,shipping_transaction
ada voltron ga,product_discovery
sisa stok grndizer berapa,stock_availability
masih tersedia gaiking?,stock_availability
gudangnya dimana,shipping_origin
goldrake ready stock?,stock_availability
nyari raideen dong,product_discovery
berapa tinggi figure dancouga,product_detail
spesifikasi produk voltes v mohon dijelaskan,product_detail
koleksi daitarn 3 apa aja,product_discovery
koleksi zambot 3 apa aja,product_discovery
pengiriman ke jakarta bisa?,shipping_transaction
cari gundam rx 78 ready ya,product_discovery
berat dan dimensi gundam berapa,product_detail
promo daitarn 3 ada ga,price_promo
voltron ready atau preorder nih,stock_availability
stok getter robo masih ada,stock_availability
ada ideon ga,product_discovery
kirim dari kota apa,shipping_origin
gaiking ada ga min pls,product_discovery
cek stok combattler v dong,stock_availability
ambil di toko bisa ga kak,shipping_transaction
ready ga mazinger z dong,stock_availability
dikirim dari mana sekarang,shipping_origin
kira kira budget goldrake berapa,price_promo
pakai ekspedisi apa pls,shipping_transaction
dikirim dari mana sekarang,shipping_origin
dancouga ada stoknya,stock_availability
checkoutnya gimana ya,shipping_transaction
gundam rx 78 masih ada kah,stock_availability
zambot 3 ini bahan apa,product_detail
ada gaiking ga,product_discovery
cek stok god sigma dong,stock_availability
barang dikirim dari kota apa min,shipping_origin
berapa tinggi figure grendizer,product_detail
cara checkout gimana,shipping_transaction
produk dancouga di bawah 1 juta ada?,price_promo
rekomendasi mazinger z yang bagus,product_discovery
cari voltes v ready,product_discovery
sisa stok goldrake berapa,stock_availability
apakah gundam ini diecast,product_detail
cara checkout gimana sekarang,shipping_transaction
ready ga great mazinger,stock_availability
ada cashback untuk voltron?,price_promo
god sigma ini bisa digerakkan?,product_detail
asal paket dari mana ya,shipping_origin
saya ingin mencari produk daimos,product_discovery
asal paket dari mana min,shipping_origin
nyari great mazinger dong,product_discovery
pengiriman dari jakarta?,shipping_origin
versi gundam rx 78 ini versi apa,product_detail
pengiriman dari jakarta?,shipping_origin
stok raideen masih ada,stock_availability
jeeg paling murah berapa,price_promo
apakah ideon ini diecast,product_detail
harga raideen berapa,price_promo
combattler v ini harganya berapa,price_promo
kirim dari kota apa,shipping_origin
metode pembayaran apa,shipping_transaction
berapa price gaiking,price_promo
apakah tersedia koleksi goldrake,product_discovery
rekomendasi chogokin gx yang bagus min,product_discovery
kira kira budget jeeg berapa,price_promo
rekomendasi grendizer yang bagus,product_discovery
detail lengkap mazinger z dong,product_detail
gundam rx 78 ini ori atau kw pls,product_detail
nyari chogokin gx dong,product_discovery
bisa transfer bank dong,shipping_transaction
mohon rekomendasi grendizer untuk koleksi kak,product_discovery
kondisi zambot 3 misb atau bekas,product_detail
gundam ada ga min min,product_discovery
mohon rekomendasi gundam rx 78 untuk koleksi ya,product_discovery
saya ingin mencari produk gaiking dong,product_discovery
ingin melihat pilihan getter robo,product_discovery
dancouga udah habis?,stock_availability
gundam rx 78 ada stoknya,stock_availability
ada cashback untuk gundam rx 78?,price_promo
ada gundam yang murah,product_discovery
masih tersedia getter robo?,stock_availability
ada cashback untuk gundam rx 78? nih,price_promo
asal pengiriman dari mana kak,shipping_origin
produk zambot 3 yang recommended yang mana,product_discovery
combattler v ready stock?,stock_availability
ongkos kirim ke semarang berapa,shipping_transaction
rekomendasi god sigma yang bagus,product_discovery
dari kota mana dikirim nih,shipping_origin
berapa tnggi figure god sigma,product_detail
goldrake ada ga min,product_discovery
mohon info harga terbaru gaiking,price_promo
ongkir ke tangerang berapa,shipping_transaction
kalau beli mazinger z ongkirnya berapa kak,shipping_transaction
chogokin gx redi stock?,stock_availability
ukuran great mazinger berapa,product_detail
dikirim dari mana,shipping_origin
bisa kirim ke solo kak,shipping_transaction
mazinger z ini harganya berapa,price_promo
kondisi great mazinger misb atau bekas dong,product_detail
store location dimana,shipping_origin
harga nett grendizer berapa,price_promo
barang dikirim dari kota apa sekarang,shipping_origin
metode pembayaran apa nih,shipping_transaction
barang gundam ready?,stock_availability
mohon rekomendasi jeeg untuk koleksi,product_discovery
voltes v ready stock?,stock_availability
toko offline ada dmn,shipping_origin
koleksi mazinger z apa aja,product_discovery
raideen paling murah berapa,price_promo
availability gundam rx 78 bagaimana,stock_availability
alamat toko robot jadul dimana,shipping_origin
lagi cari dancouga kak,product_discovery
lagi cari voltron kak,product_discovery
raideen ada potongan harga?,price_promo
kapan restock jeeg,stock_availability
kondisi gaiking misb atau bekas,product_detail
alamat toko robot jadul dimana nih,shipping_origin
kondisi raideen misb atau bekas,product_detail
estimasi kirim berapa hari,shipping_transaction
pakai ekspedisi apa,shipping_transaction
checkoutnya gimana ya min,shipping_transaction
asal paket dari mana,shipping_origin
ada cashback untuk god sigma?,price_promo
ada raideen yang murah,product_discovery
cara checkout gimana,shipping_transaction
alamat toko robot jadul dimana,shipping_origin
apakah tersedia koleksi daitarn 3,product_discovery
barang voltron ready?,stock_availability
bisa kirim ke surabaya ya,shipping_transaction
cek stok gaiking dong,stock_availability
produk getter robo yang recommended yang mana,product_discovery
lagi ada diskon ideon?,price_promo
ingin melihat pilihan chogokin gx,product_discovery
ingin melihat pilihan daitarn 3 nih,product_discovery
pakai ekspedisi apa kak,shipping_transaction
ada varian jeeg apa saja,product_discovery
ongkir ke bekasi berapa,shipping_transaction
gundam rx 78 ini bahan apa,product_detail
mohon rekomendasi getter robo untuk koleksi,product_discovery
stok voltes v kosong?,stock_availability
gudang robot jadul dimana,shipping_origin
berat dan dimensi getter robo berapa,product_detail
cara checkout gimana min,shipping_transaction
gundam ini bahan apa,product_detail
dancouga masih ada kah,stock_availability
cari great mazinger ready,product_discovery
rekomendasi god sigma yang bagus sekarang,product_discovery
mohon info harga terbaru voltron dong,price_promo
lagi ada diskon god sigma?,price_promo
mohon rekomendasi ideon untuk koleksi,product_discovery
ada varian god sigma apa saja,product_discovery
kalau beli ideon ongkirnya berapa,shipping_transaction
raideen ini bahan apa,product_detail
dikirim dari mana min,shipping_origin
ready ga getter robo,stock_availability
cari voltron ready,product_discovery
mohon rekomendasi gundam rx 78 untuk koleksi,product_discovery
ukuran jeeg berapa,product_detail
grendizer masih ada kah,stock_availability
harga ideon berapa,price_promo
stok chogokin gx kosong?,stock_availability
mohon rekomendasi voltron untuk koleksi,product_discovery
pengiriman dari jakarta?,shipping_origin
ada cashback untuk god sigma? sekarang,price_promo
availability zambot 3 bagaimana pls,stock_availability
ingin melihat pilihan gaiking,product_discovery
grendizer ini ori atau kw sekarang,product_detail
nyari ideon dong,product_discovery
asal paket dari mana nih,shipping_origin
sisa stok daimos berapa,stock_availability
raideen masih ada kah,stock_availability
barang dikirim dari kota apa,shipping_origin
asal pengiriman dari mana,shipping_origin
asal paket dari mana sekarang,shipping_origin
harga mazinger z berapa nih,price_promo
sisa stok grendizer berapa,stock_availability
berat dan dimensi mazinger z berapa,product_detail
chogokin gx ada ga min min,product_discovery
ingin melihat plihan chogokin gx,product_discovery
voltron ready atau preorder,stock_availability
produk gaiking yang recommended yang mana,product_discovery
checkoutnya gimana ya,shipping_transaction
diskon buat daitarn 3 ada min,price_promo
dancouga ada ga min,product_discovery
ongkos kirim ke tangerang berapa min,shipping_transaction
koleksi gundam apa aja,product_discovery
mohon rekomendasi gaiking untuk koleksi,product_discovery
ongkir ke medan berapa,shipping_transaction
toko offline ada dimana,shipping_origin
chogokin gx ini bisa digerakkan?,product_detail
kira kira budget chogokin gx berapa pls,price_promo
ongkos kirim ke makassar berapa,shipping_transaction
kirim dari kota apa nih,shipping_origin
ada voltron ga,product_discovery
bisa bayar qris,shipping_transaction
lagi cari zambot 3,product_discovery
dari kota mana dikirim nih,shipping_origin
harga nett goldrake berapa,price_promo
ngkos kirim ke makassar brapa,shipping_transaction
chogokin gx ready atau preorder,stock_availability
promo ideon ada ga,price_promo
god sigma udah habis?,stock_availability
god sigma masih ada kah pls,stock_availability
kalau beli gundam ongkirnya berapa,shipping_transaction
bisa cod ga sekarang,shipping_transaction
ukuran grendizer berapa nih,product_detail
gudangnya dimana pls,shipping_origin
sisa stok combattler v berapa,stock_availability
koleksi voltron apa aja min,product_discovery
promo goldrake ada ga,price_promo
ready ga great mazinger min,stock_availability
harga nett gaiking berapa,price_promo
mohon rekomendasi gundam untuk koleksi,product_discovery
ditarn 3 lagi promo kah,price_promo
pengiriman dari jakarta?,shipping_origin
ideon ada ga min,product_discovery
mohon rekomendasi combattler v untuk koleksi,product_discovery
sisa stok goldrake berapa,stock_availability
isi box daitarn 3 apa saja,product_detail
estimasi kirim berapa hari,shipping_transaction
asal pengiriman dari mana kak,shipping_origin
pakai kspedisi apa nih,shipping_transaction
asal paket dari mana,shipping_origin
stok getter robo kosong?,stock_availability
mohon rekomendasi mazinger z untuk koleksi,product_discovery
spesifikasi produk voltron mohon dijelaskan,product_detail
diskon buat gundam ada,price_promo
nyari getter robo dong,product_discovery
lagi ada diskon great mazinger?,price_promo
berat dan dimensi great mazinger berapa,product_detail
stok god sigma masih ada,stock_availability
masih tersedia mazinger z?,stock_availability
toko ini di kota mana ya,shipping_origin
barang dikirim dari kota apa nih,shipping_origin
great mazinger ini bahan apa,product_detail
chogokin gx masih ada kah,stock_availability
voltron ready stock?,stock_availability
getter robo ini bisa digerakkan?,product_detail
diskon buat gundam rx 78 ada,price_promo
dari kota mana dikirim,shipping_origin
daimos ada potongan harga?,price_promo
kira kira budget gundam berapa,price_promo
giking ini bisa digerakkan?,product_detail
harga great mazinger berapa,price_promo
checkoutnya gimana ya dong,shipping_transaction
ambil di toko bisa ga ya,shipping_transaction
god sigma habis atau masih ada,stock_availability
detail lngkap grendizer dong,product_detail
lagi sale gundam?,price_promo
kalau beli goldrake ongkirnya berapa,shipping_transaction
detail god sigma ini gimana,product_detail
sisa stok voltes v berapa,stock_availability
produk jeeg di bawah 1 juta ada?,price_promo
gundam ada potongan hrga?,price_promo
availability gundam bagaimana,stock_availability
stok chogokin gx masih ada,stock_availability
ambil di toko bisa ga sekarang,shipping_transaction
metode pembayaran apa,shipping_transaction
pakai ekspedisi apa ya,shipping_transaction
asal barang dari mana,shipping_origin
asal pengiriman dari mana,shipping_origin
produk getter robo di bawah 1 juta ada? pls,price_promo
rekomendasi grendizer yang bagus nih,product_discovery
gundam rx 78 lagi promo kah,price_promo
stok mazinger z masih ada,stock_availability
jeeg lagi promo kah,price_promo
pengiriman ke makassar bisa?,shipping_transaction
butuh rekomendasi zambot 3 buat koleksi,product_discovery
ada varian gundam rx 78 apa saja,product_discovery
gaiking udah habis? sekarang,stock_availability
grendizer ready stock?,stock_availability
asal barang dari mana,shipping_origin
harga gundam rx 78 berapa,price_promo
berat dan dimensi gundam berapa,product_detail
gudangnya dimana,shipping_origin
ukuran mazinger z berapa,product_detail
berapa tinggi figure voltron,product_detail
stok daimos masih ada nih,stock_availability
promo chogokin gx ada ga ya,price_promo
lagi ada diskon daimos? kak,price_promo
asal pengiriman dari mana dong,shipping_origin
ukuran ideon berapa,product_detail
bisa cod ga min,shipping_transaction
kirim dari kota apa,shipping_origin
mohon info harga terbaru mazinger z,price_promo
cari gundam rx 78 ready nih,product_discovery
zambot 3 ready stock?,stock_availability
saya ingin mencari produk voltron,product_discovery
voltes v paling murah berapa,price_promo
ada combattler v ga,product_discovery
store location dimana dong,shipping_origin
berapa price raideen,price_promo
asal paket dari mana kak,shipping_origin
redi ga gldrake,stock_availability
gundam rx 78 ada stoknya min,stock_availability
asal barang dari mana,shipping_origin
asal pengiriman dari mana ya,shipping_origin
voltron ini ori atau kw,product_detail
apakah goldrake ini diecast,product_detail
ada raideen yang murah,product_discovery
masih tersedia dancouga?,stock_availability
dari kota mana dikirim,shipping_origin
gundam rx 78 ready atau preorder,stock_availability
lagi cari dancouga,product_discovery
god sigma ada stoknya,stock_availability
isi box dancouga apa saja,product_detail
masih tersedia great mazinger?,stock_availability
ready ga combattler v,stock_availability
jeeg habis atau masih ada,stock_availability
tahun rilis grendizer ini kapan,product_detail
berapa price grendizer,price_promo
harga jeeg berapa kak,price_promo
produk daimos yang recommended yang mana,product_discovery
promo goldrake ada ga nih,price_promo
bisa cod ga,shipping_transaction
ideon masih ada kah,stock_availability
pakai ekspedisi apa min,shipping_transaction
checkoutnya gimana ya min,shipping_transaction
kapan restock ideon,stock_availability
combattler v udah habis?,stock_availability
produk voltes v yang recommended yang mana,product_discovery
ongkos kirim ke bandung berapa,shipping_transaction
berapa tinggi figure raideen,product_detail
ready ga gaiking,stock_availability
gundam rx 78 habis atau masih ada,stock_availability
lagi ada diskon god sigma? nih,price_promo
zmbot 3 masih ada kah,stock_availability
god sigma masih ada kah,stock_availability
kalau beli great mazinger ongkirnya berapa dong,shipping_transaction
ambil di toko bisa ga min,shipping_transaction
bisa krim ke bandung,shipping_transaction
promo combattler v ada ga,price_promo
kirim dari kota apa,shipping_origin
mazinger z paling murah berapa pls,price_promo
berapa price zambot 3,price_promo
mazinger z paling murah berapa,price_promo
apakah gundam rx 78 ini diecast,product_detail
saya ingin mencari produk gaiking pls,product_discovery
butuh rkomendasi mazinger z buat koleksi,product_discovery
ukuran mazinger z berapa,product_detail
apakah voltes v ini diecast,product_detail
dancouga ada ga min,product_discovery
zambot 3 ada stoknya,stock_availability
asal barang dari mana ya,shipping_origin
pengiriman ke bekasi bisa?,shipping_transaction
ongkir ke bandung berapa min,shipping_transaction
berapa tinggi figure ideon,product_detail
ingin melihat pilihan gundam,product_discovery
harga nett dancouga berapa min,price_promo
bisa transfer bank,shipping_transaction
dari kota mana dkirim ya,shipping_origin
koleksi great mazinger apa aja,product_discovery
ingin melihat pilihan voltron,product_discovery
bisa transfer bank ya,shipping_transaction
kira kira budget jeeg berapa,price_promo
lokasi toko dimana,shipping_origin
ambil di toko bisa ga kak,shipping_transaction
availability gundam rx 78 bagaimana,stock_availability
pengiriman ke depok bisa?,shipping_transaction
diskon buat dancouga ada,price_promo
rekomendasi god sigma yang bagus nih,product_discovery
ready ga god sigma,stock_availability
apakah gaiking ini diecast,product_detail
lagi ada diskon voltron?,price_promo
chogokin gx ini harganya berapa,price_promo
alamat toko robot jadul dimana,shipping_origin
mohon info harga terbaru zambot 3,price_promo
berat dan dimensi goldrake berapa,product_detail
goldrake udah habis? nih,stock_availability
produk dancouga di bawah 1 juta ada? dong,price_promo
bisa cod ga,shipping_transaction
ada cashback untuk raideen?,price_promo
mohon rekomendasi grendizer untuk koleksi ya,product_discovery
spesifikasi produk getter robo mohon dijelaskan,product_detail
asal pengiriman dari mana,shipping_origin
barang getter robo ready?,stock_availability
ada cashback untuk gaiking?,price_promo
asal pengiriman dari mana sekarang,shipping_origin
lagi cari gundam,product_discovery
ada cashback untuk combattler v?,price_promo
gudang robot jadul dimana sekarang,shipping_origin
toko offline ada dimana sekarang,shipping_origin
lagi ada diskon voltron?,price_promo
detail gundam ini gimana,product_detail
koleksi daimos apa aja,product_discovery
voltron ini original bandai?,product_detail
raideen ada ga min,product_discovery
stok getter robo kosong?,stock_availability
masih tersedia gundam?,stock_availability
getter robo lagi promo kah,price_promo
pengiriman ke solo bisa?,shipping_transaction
lokasi toko dimana,shipping_origin
harga nett chogokin gx berapa,price_promo
harga nett ideon berapa pls,price_promo
ada great mazinger yang murah,product_discovery
berapa price voltron,price_promo
bisa cod ga pls,shipping_transaction
koleksi voltes v apa aja,product_discovery
goldrake ini original bandai?,product_detail
toko ini di kota mana kak,shipping_origin
stok raideen masih ada ya,stock_availability
ukuran daitarn 3 berapa,product_detail
voltes v ready atau preorder,stock_availability
lagi sale god sigma?,price_promo
alamat toko robot jadul dimana min,shipping_origin
produk mazinger z di bawah 1 juta ada?,price_promo
ambil di toko bisa ga pls,shipping_transaction
cara beli zambot 3 gimana,shipping_transaction
pengiriman dari jakarta?,shipping_origin
asal pengiriman dari mana pls,shipping_origin
zambot 3 ini original bandai? ya,product_detail
rekomendasi gundam yang bagus,product_discovery
gundam ini original bandai?,product_detail
cara checkout gimana,shipping_transaction
dikirim dari mana,shipping_origin
zambot 3 ini bisa digerakkan?,product_detail
berapa tinggi figure god sigma,product_detail
versi jeeg ini versi apa ya,product_detail
produk dancouga yang recommended yang mana,product_discovery
masih tersedia daitarn 3?,stock_availability
pakai ekspedisi apa nih,shipping_transaction
lamat toko robot jadul dimana,shipping_origin
cek stok voltes v dong,stock_availability
asal barang dari mana nih,shipping_origin
brg chgokin gx yang recommended yang mana,product_discovery
gundam ready atau preorder,stock_availability
jeeg masih ada kah,stock_availability
cek stok raideen dong sekarang,stock_availability
dikirim dari mana dong,shipping_origin
harga voltron berapa,price_promo
toko offline ada dimana,shipping_origin
gundam ada stoknya,stock_availability
saya ingin mencari produk goldrake,product_discovery
kapan restock gaiking,stock_availability
toko ini di kota mana,shipping_origin
alamat toko robot jadul dimana,shipping_origin
ada cshback untuk grendizer?,price_promo
detail getter robo ini gimana ya,product_detail
harga nett chogokin gx berapa,price_promo
kalau beli great mazinger ongkirnya berapa,shipping_transaction
bisa bayar qris,shipping_transaction
asal paket dari mana,shipping_origin
cara beli mzinger z gimana,shipping_transaction
berat dan dimensi great mazinger berapa nih,product_detail
apakah gundam ini diecast,product_detail
masih tersedia grendizer?,stock_availability
ready ga zambot 3,stock_availability
lagi sale grendizer? pls,price_promo
great mazinger ini ori atau kw,product_detail
goldrake ini harganya berapa,price_promo
ongkir ke solo berapa kak,shipping_transaction
alamat toko robot jadul dimana nih,shipping_origin
gundam habis atau masih ada nih,stock_availability
diskon buat chogokin gx ada min,price_promo
butuh rekomendasi getter robo buat koleksi,product_discovery
harga chogokin gx berapa,price_promo
dancouga ada stoknya nih,stock_availability
chogokin gx lagi promo kah,price_promo
cari dancouga ready,product_discovery
kira kira budget getter robo brapa,price_promo
dari kota mana dikirim,shipping_origin
harga jeeg berapa,price_promo
detail lengkap daimos dong,product_detail
lagi cari chogokin gx kak,product_discovery
ada cashback untuk gundam rx 78?,price_promo
zambot 3 habis atau masih ada,stock_availability
diskon buat goldrake ada,price_promo
grendizer lagi promo kah,price_promo
cari mazinger z ready,product_discovery
lokasi toko dimana ya,shipping_origin
daimos habis atau masih ada,stock_availability
god sigma ada potongan harga? min,price_promo
harga getter robo berapa pls,price_promo
pakai kspedisi apa,shipping_transaction
asal pengiriman dari mana min,shipping_origin
mohon rekomendasi gundam rx 78 untuk koleksi,product_discovery
masih tersedia grendizer?,stock_availability
store location dimana nih,shipping_origin
ada god sigma ga,product_discovery
pakai ekspedisi apa dong,shipping_transaction
kirim dari kota apa,shipping_origin
spesifikasi produk dancouga mohon dijelaskan sekarang,product_detail
masih tersedia mazinger z? min,stock_availability
goldrake ready stock? sekarang,stock_availability
harga nett voltron berapa,price_promo
asal barang dari mana,shipping_origin
isi box goldrake apa saja,product_detail
bisa kirim ke makassar,shipping_transaction
ukuran daitarn 3 berapa,product_detail
chogokin gx ada ga min,product_discovery
ready ga dancouga,stock_availability
bisa kirim ke surabaya,shipping_transaction
ukuran goldrake berapa nih,product_detail
cari gundam rx 78 ready,product_discovery
barang dikirim dari kota apa sekarang,shipping_origin
kira kira budget combattler v berapa,price_promo
kira kira budget combattler v berapa,price_promo
daitarn 3 masih ada kah,stock_availability
mazinger z ready atau preorder,stock_availability
kondisi ideon misb atau bekas,product_detail
daimos udah habis? kak,stock_availability
kira kira budget chogokin gx berapa,price_promo
zambot 3 ini bisa dgerakkan?,product_detail
combattler v ini bahan apa nih,product_detail
apakah jeeg ini diecast,product_detail
ada gundam rx 78 yang murah,product_discovery
lagi ada diskon zambot 3?,price_promo
gundam rx 78 ada ga min,product_discovery
chogokin gx habis atau masih ada,stock_availability
kira kira budget gundam berapa sekarang,price_promo
gudangnya dimana ya,shipping_origin
ideon ini bisa digerakkan?,product_detail
availability voltron bagaimana pls,stock_availability
dancouga ini original bandai?,product_detail
harga getter robo berapa,price_promo
sisa stok daitarn 3 berapa,stock_availability
stok ideon masih ada,stock_availability
lagi cari chogokin gx,product_discovery
getter robo masih ada kah,stock_availability
promo zambot 3 ada ga,price_promo
apakah raideen ini diecast,product_detail
ada dancouga ga,product_discovery
daitarn 3 habis atau masih ada,stock_availability
ada cashback untuk jeeg?,price_promo
ambil di toko bisa ga,shipping_transaction
ada cashback untuk great mzinger?,price_promo
diskon buat dancouga ada,price_promo
ongkos kirim ke depok berapa dong,shipping_transaction
spesifikasi produk dancouga mohon dijelaskan,product_detail
toko ini di kota mana min,shipping_origin
ingin melihat pilihan daitarn 3,product_discovery
cari getter robo ready,product_discovery
cara checkout gimana,shipping_transaction
cara beli gundam rx 78 gimana,shipping_transaction
asal pengiriman dari mana dong,shipping_origin
kapan restock dancouga,stock_availability
barang grendizer ready?,stock_availability
lokasi toko dimana,shipping_origin
rekomendasi getter robo yang bagus,product_discovery
masih tersedia great mazinger? ya,stock_availability
ready ga daitarn 3,stock_availability
asal paket dari mana,shipping_origin
pengiriman dari jakarta? pls,shipping_origin
jeeg ini harganya brapa,price_promo
lagi cari daitarn 3,product_discovery
grendizer ini bisa digerakkan?,product_detail
zambot 3 ini bahan apa,product_detail
asal barang dari mana,shipping_origin
toko ini di kota mana ya,shipping_origin
pengiriman dari jakarta?,shipping_origin
dari kota mana dikirim,shipping_origin
ukuran voltron berapa,product_detail
toko ini di kota mana dong,shipping_origin
stok ideon kosong?,stock_availability
isi box daimos apa saja pls,product_detail
rekomendasi raideen yang bagus,product_discovery
ongkos kirim ke semarang berapa,shipping_transaction
gundam habis atau masih ada,stock_availability
nyari jeeg dong,product_discovery
stok raideen masih ada ya,stock_availability
gudang robot jadul dimana nih,shipping_origin
ukuran gundam berapa pls,product_detail
kira kira budget gundam rx 78 berapa kak,price_promo
cara beli mazinger z gimana min,shipping_transaction
stokk gundam masih ada,stock_availability
toko ini di kota mana,shipping_origin
dancouga ada stoknya,stock_availability
toko offline ada dimana pls,shipping_origin
ingin mlihat pilihan goldrake,product_discovery
harga zambot 3 brapa,price_promo
bisa kirim ke solo,shipping_transaction
cari daimos ready,product_discovery
koleksi gaiking apa aja,product_discovery
kirim dari kota apa min,shipping_origin
versi getter robo ini versi apa,product_detail
toko offline ada dimana kak,shipping_origin
ongkos kirim ke semarang berapa,shipping_transaction
ada varian voltron apa saja,product_discovery
cari combattler v ready,product_discovery
harga nett grendizer berapa,price_promo
ready ga goldrake,stock_availability
estimasi kirim berapa hari,shipping_transaction
isi box gaiking apa saja kak,product_detail
lokasi toko dimana min,shipping_origin
store location dimana,shipping_origin
lagi sale getter robo?,price_promo
asal paket dari mana sekarang,shipping_origin
kira kira budget daitarn 3 berapa,price_promo
store location dimana sekarang,shipping_origin
kalau beli mazinger z ongkirnya berapa,shipping_transaction
stok grendizer kosong? pls,stock_availability
estimasi kirim berapa hari pls,shipping_transaction
bisa bayar qris kak,shipping_transaction
bisa cod ga,shipping_transaction
dikirim dari mana,shipping_origin
mazinger z lagi promo kah,price_promo
nyari jeeg dong,product_discovery
raideen ready stock?,stock_availability
daimos masih ada kah,stock_availability
harga zambot 3 berapa,price_promo
pengiriman dari jakarta? ya,shipping_origin
zambot 3 paling murah berapa,price_promo
voltes v ready stock?,stock_availability
saya ingin mencari produk gaiking,product_discovery
asal paket dari mana min,shipping_origin
berat dan dimensi god sigma berapa kak,product_detail
chogokin gx ready stock?,stock_availability
estimasi kirim berapa hari nih,shipping_transaction
gudang robot jadul dimana,shipping_origin
apakah tersedia koleksi gundam rx 78,product_discovery
ongkos kirim ke tangerang berapa min,shipping_transaction
cara checkout gmana,shipping_transaction
gundam ini ori atau kw pls,product_detail
dari kota mana dikirim kak,shipping_origin
kapan restock combattler v,stock_availability
lagi cari great mazinger,product_discovery
ada varian daitarn 3 apa saja,product_discovery
versi voltron ini versi apa,product_detail
alamat toko robot jadul dimana,shipping_origin
lagi cari great mazinger,product_discovery
asal paket dari mana nih,shipping_origin
vailability zambot 3 bagaimana,stock_availability
gudangnya dimana sekarang,shipping_origin
cari daitarn 3 ready,product_discovery
kapan restock getter robo,stock_availability
dikirim dari mana ya,shipping_origin
jeeg ready stok?,stock_availability
apakah zambot 3 ini diecast,product_detail
apakah tersedia koleksi jeeg,product_discovery
checkoutnya gimana ya,shipping_transaction
gundam ada potongan harga?,price_promo
gudang robot jadul dimana,shipping_origin
gundam lagi promo kah,price_promo
asal barang dari mana dong,shipping_origin
grendizer ada potongan harga?,price_promo
isi box jeeg apa saja,product_detail
asal pengiriman dari mana,shipping_origin
butuh rekomendasi jeeg buat koleksi,product_discovery
bisa kirim ke jakarta,shipping_transaction
pakai ekspedisi apa,shipping_transaction
saya ingin mencari produk gundam,product_discovery
detail daimos ini gimana,product_detail
dancouga ini harganya berapa,price_promo
gudang robot jadul dimana,shipping_origin
gudang robot jadul dimana dong,shipping_origin
berat dan dimensi zambot 3 berapa,product_detail
stok gtter robo masih ada,stock_availability
tahun rilis combattler v ini kapan,product_detail
toko offline ada dimana,shipping_origin
gundam rx 78 ada stoknya nih,stock_availability
apakah tersedia koleksi gaiking,product_discovery
asal pengiriman dari mana kak,shipping_origin
isi box mazinger z apa saja,product_detail
barang dancouga ready?,stock_availability
store location dimana kak,shipping_origin
ada cashback untuk goldrake?,price_promo
pengiriman ke surabaya bisa?,shipping_transaction
berapa tinggi figure zambot 3,product_detail
bisa kirim ke semarang,shipping_transaction
ada goldrake yang murah,product_discovery
sisa stok ideon berapa,stock_availability
ongkir ke makassar berapa,shipping_transaction
kira kira budget gundam rx 78 berapa,price_promo
produk goldrake yang recommended yang mana,product_discovery
raideen ini harganya berapa,price_promo
toko ini di kota mana,shipping_origin
kapan restock gldrake,stock_availability
mohon rekomendasi mazinger z untuk koleksi nih,product_discovery
diskon buat gtter robo ada,price_promo
lagi cari goldrake,product_discovery
nyari vltes v dong,product_discovery
dikirim dari mana,shipping_origin
spesifikasi produk ideon mohon dijelaskan,product_detail
butuh rekomendasi dancouga buat koleksi,product_discovery
checkoutnya gimana ya,shipping_transaction
god sigma ada ga min sekarang,product_discovery
bisa bayar qris sekarang,shipping_transaction
lagi ada diskon chogokin gx?,price_promo
apakah tersedia koleksi combattler v dong,product_discovery
ongkir ke depok berapa,shipping_transaction
gudangnya dimana,shipping_origin
dikirim dari mana,shipping_origin
stok goldrake masih ada,stock_availability
ongkos kirim ke medan berapa pls,shipping_transaction
spesifikasi produk gaiking mohon dijelaskan,product_detail
kirim dari kota apa nih,shipping_origin
mohon info harga terbaru voltron min,price_promo
ada varian mazinger z apa saja nih,product_discovery
brapa price great mazinger,price_promo
rekomendasi rideen yang bagus,product_discovery
ada voltron yang murah,product_discovery
raideen ada potongan hrga?,price_promo
toko offline ada dimana ya,shipping_origin
masih tersedia great mazinger?,stock_availability
kirim dari kota apa,shipping_origin
ongkir ke bndung brp,shipping_transaction
bisa transfer bank,shipping_transaction
pengiriman dari jakarta?,shipping_origin
estimasi kirim berapa hari,shipping_transaction
dari kota mana dkirim,shipping_origin
ukuran gundam rx 78 berapa,product_detail
alamat toko robot jadul dimana,shipping_origin
goldrake masih ada kah min,stock_availability
bisa cod ga,shipping_transaction
gudang robot jadul dimana dong,shipping_origin
metode pembayaran apa,shipping_transaction
diskon buat gundam ada,price_promo
barang dikirim dari kota apa,shipping_origin
bisa cod ga,shipping_transaction
store location dimana,shipping_origin
cmbattler v ini original bandai?,product_detail
kira kira budget dancouga berapa,price_promo
bisa transfer bank pls,shipping_transaction
bisa bayar qris,shipping_transaction
dancouga ada potongan hrga?,price_promo
cara checkout gimana,shipping_transaction
bisa transfer bank ya,shipping_transaction
goldrake udah habis?,stock_availability
ada cashback untuk chogokin gx? kak,price_promo
diskon buat gaiking ada,price_promo
estimasi kirim berapa hari,shipping_transaction
metode pembayaran apa,shipping_transaction
metode pembayaran apa pls,shipping_transaction
pengiriman ke jakarta bisa?,shipping_transaction
gudang robot jadul dimana min,shipping_origin
checkoutnya gimana ya nih,shipping_transaction
ongkos kirim ke depok berapa,shipping_transaction
ongkir ke surabaya berapa,shipping_transaction
toko offline ada dimana sekarang,shipping_origin
pengiriman ke solo bisa? ya,shipping_transaction
store location dimana,shipping_origin
gudang robot jadul dmn,shipping_origin
dari kota mana dikirim dong,shipping_origin
getter robo ada potongan harga?,price_promo
produk great mazinger di bawah 1 juta ada?,price_promo
sisa stok jeeg berapa,stock_availability
gudang robot jadul dimana,shipping_origin
spesifikasi produk goldrake mohon dijelaskan,product_detail
lagi sale jeeg?,price_promo
spesifikasi produk voltes v mohon dijelaskan sekarang,product_detail
ready ga ideon,stock_availability
cara checkout gimana,shipping_transaction
ready ga combattler v min,stock_availability
isi box daimos apa saja kak,product_detail
barang chogokin gx ready?,stock_availability
spesifikasi produk gaiking mohon dijelaskan kak,product_detail
great mazinger habis atau masih ada,stock_availability
promo chogokin gx ada ga,price_promo
gudangnya dimana,shipping_origin
ongkos kirim ke solo berapa,shipping_transaction
daitarn 3 ini bisa digerakkan?,product_detail
ingin melihat pilihan raideen,product_discovery
availability zambot 3 bagaimana,stock_availability
versi grendizer ini versi apa nih,product_detail
bisa transfer bank min,shipping_transaction
berapa price voltes v dong,price_promo
great mazinger pling murah berapa,price_promo
store location dimana,shipping_origin
bisa cod ga kak,shipping_transaction
produk ideon di bawah 1 juta ada?,price_promo
store location dimana kak,shipping_origin
stok cmbattler v masih ada,stock_availability
saya ingin mencari produk raideen,product_discovery
versi grendizer ini versi apa,product_detail
promo jeeg ada ga,price_promo
ada cashback untuk zambot 3?,price_promo
kondisi daimos misb atau bekas,product_detail
combattler v paling murah berapa,price_promo
lokasi toko dimana ya,shipping_origin
pakai ekspedisi apa,shipping_transaction
ready ga gundam rx 78 nih,stock_availability
mohon info harga terbaru voltron,price_promo
dari kota mana dikirim nih,shipping_origin
produk raideen di bawah 1 juta ada?,price_promo
stok goldrake masih ada,stock_availability
alamat toko robot jadul dimana ya,shipping_origin
berapa price voltes v,price_promo
gundam rx 78 ada potongan harga?,price_promo
rekomendasi raideen yang bagus,product_discovery
mohon info harga terbaru zambot 3 kak,price_promo
alamat toko robot jadul dimana dong,shipping_origin
versi gundam ini versi apa,product_detail
kondisi dancouga misb atau bekas,product_detail
daimos ready stock? ya,stock_availability
god sigma ada stoknya kak,stock_availability
zambot 3 masih ada kah,stock_availability
berapa price gaiking,price_promo
rekomendasi daimos yang bagus,product_discovery
ada varian dancouga apa saja,product_discovery
barang combattler v ready?,stock_availability
produk combattler v yang recommended yang mana,product_discovery
barang mazinger z ready?,stock_availability
ada varian chogokin gx apa saja,product_discovery
asal pengiriman dari mana kak,shipping_origin
kuran chogokin gx berapa,product_detail
ada daimos ga pls,product_discovery
detail voltron ini gimana,product_detail
isi box voltes v apa saja,product_detail
ukuran zambot 3 berapa,product_detail
asal barang dari mana pls,shipping_origin
barang jeeg ready?,stock_availability
chgokin gx udah habis?,stock_availability
pakai ekspedisi apa kak,shipping_transaction
berapa price jeeg,price_promo
sisa stok gundam rx 78 berapa dong,stock_availability
kalau beli voltes v ongkirnya berapa,shipping_transaction
apakah grendizer ini diecast,product_detail
ada varian mazinger z apa saja,product_discovery
lagi cari god sigma,product_discovery
cek stok goldrake dong,stock_availability
cek stokk great mazinger dong,stock_availability
berat dan dimensi gundam rx 78 berapa,product_detail
tahun rilis great mazinger ini kapan,product_detail
ada jeeg yang murah,product_discovery
diskon buat great mzinger ada,price_promo
cari gundam ready,product_discovery
berapa price god sigma,price_promo
dancouga habis atau masih ada,stock_availability
lagi sale voltron? pls,price_promo
tahun rilis goldrake ini kapan,product_detail
goldrake ini harganya berapa,price_promo
produk jeeg yang recommended yang mana ya,product_discovery
goldrake ready atau preorder,stock_availability
ongkos kirim ke makassar berapa sekarang,shipping_transaction
estimasi kirim berapa hari,shipping_transaction
kondisi god sigma misb atau bekas,product_detail
dari kota mana dikirim min,shipping_origin
berapa price gundam,price_promo
rekomendasi getter robo yang bagus,product_discovery
combattler v ada stoknya,stock_availability
ada varian gaiking apa saja,product_discovery
cari voltron ready,product_discovery
asal paket dari mana pls,shipping_origin
ada cashback untuk raideen? pls,price_promo
spesifikasi produk ideon mohon djelaskan,product_detail
berapa price great mazinger,price_promo
dari kota mana dikirim,shipping_origin
daitarn 3 masih ada kah ya,stock_availability
detail great mazinger ini gimana,product_detail
cara checkout gimana,shipping_transaction
stok combattler v kosong?,stock_availability
masih tersedia mazinger z? pls,stock_availability
pengiriman ke jakarta bisa? min,shipping_transaction
alamat toko robot jadul dimana nih,shipping_origin
kapan restock voltes v,stock_availability
ada varian daimos apa saja,product_discovery
produk great mazinger yang recommended yang mana,product_discovery
kira kira budget dancouga berapa ya,price_promo
versi gaiking ini versi apa,product_detail
kalau beli zambot 3 ongkirnya berapa,shipping_transaction
bisa transfer bank sekarang,shipping_transaction
dari kota mana dikirim,shipping_origin
checkoutnya gimana ya,shipping_transaction
produk great mazinger yang recommended yang mana dong,product_discovery
pakai ekspedisi apa sekarang,shipping_transaction
diskon buat combattler v ada,price_promo
apakah jeeg ini diecast kak,product_detail
ongkos kirim ke makassar berapa kak,shipping_transaction
getter robo ini harganya berapa,price_promo
mohon rekomendasi gaiking untuk koleksi,product_discovery
ingin melihat pilihan gundam,product_discovery
tahun rilis daimos ini kapan,product_detail
lagi ada diskon goldrake?,price_promo
apakah voltron ini diecast,product_detail
ambil di toko bisa ga sekarang,shipping_transaction
produk jeeg yang recommended yang mana,product_discovery
lagi ada diskon gaiking?,price_promo
mohon rekomendasi great mazinger untuk koleksi,product_discovery
ada cashback untuk voltes v?,price_promo
asal paket dari mana nih,shipping_origin
daimos habis atau masih ada,stock_availability
dari kota mana dikirim ya,shipping_origin
harga nett grendizer berapa,price_promo
ongkir ke bandung berapa,shipping_transaction
dikirim dari mana min,shipping_origin
berat dan dimensi gaiking berapa,product_detail
barang dikirim dari kota apa,shipping_origin
harga gundam brp,price_promo
sisa stok god sigma berapa,stock_availability
lagi cari grendizer,product_discovery
chogokin gx ada stoknya,stock_availability
mohon info harga terbaru chogokin gx,price_promo
checkoutnya gimana ya nih,shipping_transaction
toko ini di kota mana dong,shipping_origin
detail lengkap chogokin gx dong,product_detail
cek stok grendizer dong,stock_availability
versi grendizer ini versi apa sekarang,product_detail
toko ini di kota mana nih,shipping_origin
ada cashback untuk combattler v? dong,price_promo
gaiking ini harganya berapa nih,price_promo
ada varian vltron apa saja,product_discovery
rekomendasi gundam rx 78 yang bagus,product_discovery
pengiriman ke solo bisa?,shipping_transaction
jeeg ini bisa digerakkan? min,product_detail
goldrake habis atau masih ada,stock_availability
lagi cari jeeg sekarang,product_discovery
stok voltron masih ada,stock_availability
cara beli ideon gimana,shipping_transaction
dtail lengkap getter robo dong,product_detail
diskon buat mazinger z ada,price_promo
estimasi kirim berapa hari,shipping_transaction
pengiriman dari jakarta?,shipping_origin
detail getter robo ini gimana,product_detail
lagi sale gundam rx 78?,price_promo
cara beli god sigma gmna,shipping_transaction
toko ini di kota mana,shipping_origin
butuh rekomendasi gundam rx 78 buat koleksi,product_discovery
lokasi toko dimana pls,shipping_origin
ada cashback untuk grendizer?,price_promo
kapan restock raideen,stock_availability
ongkir ke makassar brapa,shipping_transaction
koleksi voltron apa aja,product_discovery
cara beli daimos gimana ya,shipping_transaction
daimos ini original bndai?,product_detail
ongkir ke bogor berapa,shipping_transaction
spesifikasi produk gaiking mohon dijelaskan sekarang,product_detail
ada voltes v ga,product_discovery
barang dikirim dari kota apa min,shipping_origin
grendizer habis atau masih ada,stock_availability
asal pengiriman dari mana nih,shipping_origin
stok grendizer kosong?,stock_availability
combattler v habis atau masih ada,stock_availability
cara checkout gimana,shipping_transaction
produk getter robo di bawah 1 juta ada?,price_promo
metode pembayaran apa,shipping_transaction
stok grendizer masih ada,stock_availability
